id,source,source_type,source_url,title,content,author,published_at,collected_at,engagement_total,engagement_details,segment,moment,job,themes,sentiment,metadata
reddit_post_e746b568,reddit,post,https://reddit.com/r/soccer/comments/0,Discussion about soccer equipment 0,Looking for advice on youth soccer cleats. What brands do you recommend for durability and comfort?,user_0,2026-01-22T04:02:16.368359,2026-01-22T04:02:16.370087,38,"{""upvotes"": 15, ""comments"": 8, ""score"": 15, ""total_engagement"": 38}",parents,purchasing_decision,find_quality_equipment,"equipment, youth_soccer",neutral,"{""subreddit"": ""soccer"", ""post_type"": """"}"
reddit_post_d99cc252,reddit,post,https://reddit.com/r/bootroom/comments/0,Training tips for youth players 0,My son just joined a competitive team. What training equipment should we get for home practice?,soccer_parent_0,2026-01-22T04:02:16.368366,2026-01-22T04:02:16.370113,62,"{""upvotes"": 25, ""comments"": 12, ""score"": 25, ""total_engagement"": 62}",parents,skill_development,improve_skills,"training, youth_soccer",neutral,"{""subreddit"": ""bootroom"", ""post_type"": """"}"
reddit_post_3e59ddd8,reddit,post,https://reddit.com/r/soccer/comments/1,Discussion about soccer equipment 1,Looking for advice on youth soccer cleats. What brands do you recommend for durability and comfort?,user_1,2026-01-22T04:02:16.368359,2026-01-22T04:02:16.370129,43,"{""upvotes"": 17, ""comments"": 9, ""score"": 17, ""total_engagement"": 43}",parents,purchasing_decision,find_quality_equipment,"equipment, youth_soccer",neutral,"{""subreddit"": ""soccer"", ""post_type"": """"}"
reddit_post_c68e5554,reddit,post,https://reddit.com/r/bootroom/comments/1,Training tips for youth players 1,My son just joined a competitive team. What training equipment should we get for home practice?,soccer_parent_1,2026-01-22T04:02:16.368366,2026-01-22T04:02:16.370139,67,"{""upvotes"": 27, ""comments"": 13, ""score"": 27, ""total_engagement"": 67}",parents,skill_development,improve_skills,"training, youth_soccer",neutral,"{""subreddit"": ""bootroom"", ""post_type"": """"}"
reddit_post_8057f160,reddit,post,https://reddit.com/r/soccer/comments/2,Discussion about soccer equipment 2,Looking for advice on youth soccer cleats. What brands do you recommend for durability and comfort?,user_2,2026-01-22T04:02:16.368359,2026-01-22T04:02:16.370148,48,"{""upvotes"": 19, ""comments"": 10, ""score"": 19, ""total_engagement"": 48}",parents,purchasing_decision,find_quality_equipment,"equipment, youth_soccer",neutral,"{""subreddit"": ""soccer"", ""post_type"": """"}"
reddit_post_a138099c,reddit,post,https://reddit.com/r/bootroom/comments/2,Training tips for youth players 2,My son just joined a competitive team. What training equipment should we get for home practice?,soccer_parent_2,2026-01-22T04:02:16.368366,2026-01-22T04:02:16.370156,72,"{""upvotes"": 29, ""comments"": 14, ""score"": 29, ""total_engagement"": 72}",parents,skill_development,improve_skills,"training, youth_soccer",neutral,"{""subreddit"": ""bootroom"", ""post_type"": """"}"
reddit_post_cf5f8bcf,reddit,post,https://reddit.com/r/soccer/comments/3,Discussion about soccer equipment 3,Looking for advice on youth soccer cleats. What brands do you recommend for durability and comfort?,user_3,2026-01-22T04:02:16.368359,2026-01-22T04:02:16.370164,53,"{""upvotes"": 21, ""comments"": 11, ""score"": 21, ""total_engagement"": 53}",parents,purchasing_decision,find_quality_equipment,"equipment, youth_soccer",neutral,"{""subreddit"": ""soccer"", ""post_type"": """"}"
reddit_post_231e5f25,reddit,post,https://reddit.com/r/bootroom/comments/3,Training tips for youth players 3,My son just joined a competitive team. What training equipment should we get for home practice?,soccer_parent_3,2026-01-22T04:02:16.368366,2026-01-22T04:02:16.370176,77,"{""upvotes"": 31, ""comments"": 15, ""score"": 31, ""total_engagement"": 77}",parents,skill_development,improve_skills,"training, youth_soccer",neutral,"{""subreddit"": ""bootroom"", ""post_type"": """"}"
reddit_post_a4303a68,reddit,post,https://reddit.com/r/soccer/comments/4,Discussion about soccer equipment 4,Looking for advice on youth soccer cleats. What brands do you recommend for durability and comfort?,user_4,2026-01-22T04:02:16.368359,2026-01-22T04:02:16.370184,58,"{""upvotes"": 23, ""comments"": 12, ""score"": 23, ""total_engagement"": 58}",parents,purchasing_decision,find_quality_equipment,"equipment, youth_soccer",neutral,"{""subreddit"": ""soccer"", ""post_type"": """"}"
reddit_post_c66c7a16,reddit,post,https://reddit.com/r/bootroom/comments/4,Training tips for youth players 4,My son just joined a competitive team. What training equipment should we get for home practice?,soccer_parent_4,2026-01-22T04:02:16.368366,2026-01-22T04:02:16.370194,82,"{""upvotes"": 33, ""comments"": 16, ""score"": 33, ""total_engagement"": 82}",parents,skill_development,improve_skills,"training, youth_soccer",neutral,"{""subreddit"": ""bootroom"", ""post_type"": """"}"
reddit_post_0a2fb5c3,reddit,post,https://reddit.com/r/soccer/comments/5,Discussion about soccer equipment 5,Looking for advice on youth soccer cleats. What brands do you recommend for durability and comfort?,user_5,2026-01-22T04:02:16.368359,2026-01-22T04:02:16.370204,63,"{""upvotes"": 25, ""comments"": 13, ""score"": 25, ""total_engagement"": 63}",parents,purchasing_decision,find_quality_equipment,"equipment, youth_soccer",neutral,"{""subreddit"": ""soccer"", ""post_type"": """"}"
reddit_post_fd907b71,reddit,post,https://reddit.com/r/bootroom/comments/5,Training tips for youth players 5,My son just joined a competitive team. What training equipment should we get for home practice?,soccer_parent_5,2026-01-22T04:02:16.368366,2026-01-22T04:02:16.370213,87,"{""upvotes"": 35, ""comments"": 17, ""score"": 35, ""total_engagement"": 87}",parents,skill_development,improve_skills,"training, youth_soccer",neutral,"{""subreddit"": ""bootroom"", ""post_type"": """"}"
reddit_post_f0cfdd3e,reddit,post,https://reddit.com/r/soccer/comments/6,Discussion about soccer equipment 6,Looking for advice on youth soccer cleats. What brands do you recommend for durability and comfort?,user_6,2026-01-22T04:02:16.368359,2026-01-22T04:02:16.370220,68,"{""upvotes"": 27, ""comments"": 14, ""score"": 27, ""total_engagement"": 68}",parents,purchasing_decision,find_quality_equipment,"equipment, youth_soccer",neutral,"{""subreddit"": ""soccer"", ""post_type"": """"}"
reddit_post_6623adf5,reddit,post,https://reddit.com/r/bootroom/comments/6,Training tips for youth players 6,My son just joined a competitive team. What training equipment should we get for home practice?,soccer_parent_6,2026-01-22T04:02:16.368366,2026-01-22T04:02:16.370228,92,"{""upvotes"": 37, ""comments"": 18, ""score"": 37, ""total_engagement"": 92}",parents,skill_development,improve_skills,"training, youth_soccer",neutral,"{""subreddit"": ""bootroom"", ""post_type"": """"}"
reddit_post_e918dd32,reddit,post,https://reddit.com/r/soccer/comments/7,Discussion about soccer equipment 7,Looking for advice on youth soccer cleats. What brands do you recommend for durability and comfort?,user_7,2026-01-22T04:02:16.368359,2026-01-22T04:02:16.370235,73,"{""upvotes"": 29, ""comments"": 15, ""score"": 29, ""total_engagement"": 73}",parents,purchasing_decision,find_quality_equipment,"equipment, youth_soccer",neutral,"{""subreddit"": ""soccer"", ""post_type"": """"}"
reddit_post_74fe4c35,reddit,post,https://reddit.com/r/bootroom/comments/7,Training tips for youth players 7,My son just joined a competitive team. What training equipment should we get for home practice?,soccer_parent_7,2026-01-22T04:02:16.368366,2026-01-22T04:02:16.370243,97,"{""upvotes"": 39, ""comments"": 19, ""score"": 39, ""total_engagement"": 97}",parents,skill_development,improve_skills,"training, youth_soccer",neutral,"{""subreddit"": ""bootroom"", ""post_type"": """"}"
reddit_post_3571c0ff,reddit,post,https://reddit.com/r/soccer/comments/8,Discussion about soccer equipment 8,Looking for advice on youth soccer cleats. What brands do you recommend for durability and comfort?,user_8,2026-01-22T04:02:16.368359,2026-01-22T04:02:16.370250,78,"{""upvotes"": 31, ""comments"": 16, ""score"": 31, ""total_engagement"": 78}",parents,purchasing_decision,find_quality_equipment,"equipment, youth_soccer",neutral,"{""subreddit"": ""soccer"", ""post_type"": """"}"
reddit_post_49623035,reddit,post,https://reddit.com/r/bootroom/comments/8,Training tips for youth players 8,My son just joined a competitive team. What training equipment should we get for home practice?,soccer_parent_8,2026-01-22T04:02:16.368366,2026-01-22T04:02:16.370258,102,"{""upvotes"": 41, ""comments"": 20, ""score"": 41, ""total_engagement"": 102}",parents,skill_development,improve_skills,"training, youth_soccer",positive,"{""subreddit"": ""bootroom"", ""post_type"": """"}"
reddit_post_b1ac9604,reddit,post,https://reddit.com/r/soccer/comments/9,Discussion about soccer equipment 9,Looking for advice on youth soccer cleats. What brands do you recommend for durability and comfort?,user_9,2026-01-22T04:02:16.368359,2026-01-22T04:02:16.370266,83,"{""upvotes"": 33, ""comments"": 17, ""score"": 33, ""total_engagement"": 83}",parents,purchasing_decision,find_quality_equipment,"equipment, youth_soccer",neutral,"{""subreddit"": ""soccer"", ""post_type"": """"}"
reddit_post_64ddfc52,reddit,post,https://reddit.com/r/bootroom/comments/9,Training tips for youth players 9,My son just joined a competitive team. What training equipment should we get for home practice?,soccer_parent_9,2026-01-22T04:02:16.368366,2026-01-22T04:02:16.370276,107,"{""upvotes"": 43, ""comments"": 21, ""score"": 43, ""total_engagement"": 107}",parents,skill_development,improve_skills,"training, youth_soccer",positive,"{""subreddit"": ""bootroom"", ""post_type"": """"}"
reddit_post_28674576,reddit,post,https://reddit.com/r/soccer/comments/10,Discussion about soccer equipment 10,Looking for advice on youth soccer cleats. What brands do you recommend for durability and comfort?,user_10,2026-01-22T04:02:16.368359,2026-01-22T04:02:16.370283,88,"{""upvotes"": 35, ""comments"": 18, ""score"": 35, ""total_engagement"": 88}",parents,purchasing_decision,find_quality_equipment,"equipment, youth_soccer",neutral,"{""subreddit"": ""soccer"", ""post_type"": """"}"
reddit_post_6c1ba129,reddit,post,https://reddit.com/r/bootroom/comments/10,Training tips for youth players 10,My son just joined a competitive team. What training equipment should we get for home practice?,soccer_parent_10,2026-01-22T04:02:16.368366,2026-01-22T04:02:16.370293,112,"{""upvotes"": 45, ""comments"": 22, ""score"": 45, ""total_engagement"": 112}",parents,skill_development,improve_skills,"training, youth_soccer",positive,"{""subreddit"": ""bootroom"", ""post_type"": """"}"
reddit_post_352c3b26,reddit,post,https://reddit.com/r/soccer/comments/11,Discussion about soccer equipment 11,Looking for advice on youth soccer cleats. What brands do you recommend for durability and comfort?,user_11,2026-01-22T04:02:16.368359,2026-01-22T04:02:16.370301,93,"{""upvotes"": 37, ""comments"": 19, ""score"": 37, ""total_engagement"": 93}",parents,purchasing_decision,find_quality_equipment,"equipment, youth_soccer",neutral,"{""subreddit"": ""soccer"", ""post_type"": """"}"
reddit_post_67b73823,reddit,post,https://reddit.com/r/bootroom/comments/11,Training tips for youth players 11,My son just joined a competitive team. What training equipment should we get for home practice?,soccer_parent_11,2026-01-22T04:02:16.368366,2026-01-22T04:02:16.370309,117,"{""upvotes"": 47, ""comments"": 23, ""score"": 47, ""total_engagement"": 117}",parents,skill_development,improve_skills,"training, youth_soccer",positive,"{""subreddit"": ""bootroom"", ""post_type"": """"}"
reddit_post_4faf8924,reddit,post,https://reddit.com/r/soccer/comments/12,Discussion about soccer equipment 12,Looking for advice on youth soccer cleats. What brands do you recommend for durability and comfort?,user_12,2026-01-22T04:02:16.368359,2026-01-22T04:02:16.370317,98,"{""upvotes"": 39, ""comments"": 20, ""score"": 39, ""total_engagement"": 98}",parents,purchasing_decision,find_quality_equipment,"equipment, youth_soccer",neutral,"{""subreddit"": ""soccer"", ""post_type"": """"}"
reddit_post_56ca9f77,reddit,post,https://reddit.com/r/bootroom/comments/12,Training tips for youth players 12,My son just joined a competitive team. What training equipment should we get for home practice?,soccer_parent_12,2026-01-22T04:02:16.368366,2026-01-22T04:02:16.370325,122,"{""upvotes"": 49, ""comments"": 24, ""score"": 49, ""total_engagement"": 122}",parents,skill_development,improve_skills,"training, youth_soccer",positive,"{""subreddit"": ""bootroom"", ""post_type"": """"}"
reddit_post_95630fc8,reddit,post,https://reddit.com/r/soccer/comments/13,Discussion about soccer equipment 13,Looking for advice on youth soccer cleats. What brands do you recommend for durability and comfort?,user_13,2026-01-22T04:02:16.368359,2026-01-22T04:02:16.370391,103,"{""upvotes"": 41, ""comments"": 21, ""score"": 41, ""total_engagement"": 103}",parents,purchasing_decision,find_quality_equipment,"equipment, youth_soccer",positive,"{""subreddit"": ""soccer"", ""post_type"": """"}"
reddit_post_a5b204b5,reddit,post,https://reddit.com/r/bootroom/comments/13,Training tips for youth players 13,My son just joined a competitive team. What training equipment should we get for home practice?,soccer_parent_13,2026-01-22T04:02:16.368366,2026-01-22T04:02:16.370401,127,"{""upvotes"": 51, ""comments"": 25, ""score"": 51, ""total_engagement"": 127}",parents,skill_development,improve_skills,"training, youth_soccer",positive,"{""subreddit"": ""bootroom"", ""post_type"": """"}"
reddit_post_c02b0238,reddit,post,https://reddit.com/r/soccer/comments/14,Discussion about soccer equipment 14,Looking for advice on youth soccer cleats. What brands do you recommend for durability and comfort?,user_14,2026-01-22T04:02:16.368359,2026-01-22T04:02:16.370409,108,"{""upvotes"": 43, ""comments"": 22, ""score"": 43, ""total_engagement"": 108}",parents,purchasing_decision,find_quality_equipment,"equipment, youth_soccer",positive,"{""subreddit"": ""soccer"", ""post_type"": """"}"
reddit_post_d58e5131,reddit,post,https://reddit.com/r/bootroom/comments/14,Training tips for youth players 14,My son just joined a competitive team. What training equipment should we get for home practice?,soccer_parent_14,2026-01-22T04:02:16.368366,2026-01-22T04:02:16.370419,132,"{""upvotes"": 53, ""comments"": 26, ""score"": 53, ""total_engagement"": 132}",parents,skill_development,improve_skills,"training, youth_soccer",positive,"{""subreddit"": ""bootroom"", ""post_type"": """"}"
reddit_post_3e144913,reddit,post,https://reddit.com/r/soccer/comments/15,Discussion about soccer equipment 15,Looking for advice on youth soccer cleats. What brands do you recommend for durability and comfort?,user_15,2026-01-22T04:02:16.368359,2026-01-22T04:02:16.370427,113,"{""upvotes"": 45, ""comments"": 23, ""score"": 45, ""total_engagement"": 113}",parents,purchasing_decision,find_quality_equipment,"equipment, youth_soccer",positive,"{""subreddit"": ""soccer"", ""post_type"": """"}"
reddit_post_b71c4b6d,reddit,post,https://reddit.com/r/bootroom/comments/15,Training tips for youth players 15,My son just joined a competitive team. What training equipment should we get for home practice?,soccer_parent_15,2026-01-22T04:02:16.368366,2026-01-22T04:02:16.370435,137,"{""upvotes"": 55, ""comments"": 27, ""score"": 55, ""total_engagement"": 137}",parents,skill_development,improve_skills,"training, youth_soccer",positive,"{""subreddit"": ""bootroom"", ""post_type"": """"}"
reddit_post_9385a103,reddit,post,https://reddit.com/r/soccer/comments/16,Discussion about soccer equipment 16,Looking for advice on youth soccer cleats. What brands do you recommend for durability and comfort?,user_16,2026-01-22T04:02:16.368359,2026-01-22T04:02:16.370443,118,"{""upvotes"": 47, ""comments"": 24, ""score"": 47, ""total_engagement"": 118}",parents,purchasing_decision,find_quality_equipment,"equipment, youth_soccer",positive,"{""subreddit"": ""soccer"", ""post_type"": """"}"
reddit_post_3039e47b,reddit,post,https://reddit.com/r/bootroom/comments/16,Training tips for youth players 16,My son just joined a competitive team. What training equipment should we get for home practice?,soccer_parent_16,2026-01-22T04:02:16.368366,2026-01-22T04:02:16.370451,142,"{""upvotes"": 57, ""comments"": 28, ""score"": 57, ""total_engagement"": 142}",parents,skill_development,improve_skills,"training, youth_soccer",positive,"{""subreddit"": ""bootroom"", ""post_type"": """"}"
reddit_post_fe7a12b7,reddit,post,https://reddit.com/r/soccer/comments/17,Discussion about soccer equipment 17,Looking for advice on youth soccer cleats. What brands do you recommend for durability and comfort?,user_17,2026-01-22T04:02:16.368359,2026-01-22T04:02:16.370459,123,"{""upvotes"": 49, ""comments"": 25, ""score"": 49, ""total_engagement"": 123}",parents,purchasing_decision,find_quality_equipment,"equipment, youth_soccer",positive,"{""subreddit"": ""soccer"", ""post_type"": """"}"
reddit_post_3a39fb45,reddit,post,https://reddit.com/r/bootroom/comments/17,Training tips for youth players 17,My son just joined a competitive team. What training equipment should we get for home practice?,soccer_parent_17,2026-01-22T04:02:16.368366,2026-01-22T04:02:16.370467,147,"{""upvotes"": 59, ""comments"": 29, ""score"": 59, ""total_engagement"": 147}",parents,skill_development,improve_skills,"training, youth_soccer",positive,"{""subreddit"": ""bootroom"", ""post_type"": """"}"
reddit_post_841238ea,reddit,post,https://reddit.com/r/soccer/comments/18,Discussion about soccer equipment 18,Looking for advice on youth soccer cleats. What brands do you recommend for durability and comfort?,user_18,2026-01-22T04:02:16.368359,2026-01-22T04:02:16.370481,128,"{""upvotes"": 51, ""comments"": 26, ""score"": 51, ""total_engagement"": 128}",parents,purchasing_decision,find_quality_equipment,"equipment, youth_soccer",positive,"{""subreddit"": ""soccer"", ""post_type"": """"}"
reddit_post_406e5088,reddit,post,https://reddit.com/r/bootroom/comments/18,Training tips for youth players 18,My son just joined a competitive team. What training equipment should we get for home practice?,soccer_parent_18,2026-01-22T04:02:16.368366,2026-01-22T04:02:16.370489,152,"{""upvotes"": 61, ""comments"": 30, ""score"": 61, ""total_engagement"": 152}",parents,skill_development,improve_skills,"training, youth_soccer",positive,"{""subreddit"": ""bootroom"", ""post_type"": """"}"
reddit_post_2912dfcb,reddit,post,https://reddit.com/r/soccer/comments/19,Discussion about soccer equipment 19,Looking for advice on youth soccer cleats. What brands do you recommend for durability and comfort?,user_19,2026-01-22T04:02:16.368359,2026-01-22T04:02:16.370498,133,"{""upvotes"": 53, ""comments"": 27, ""score"": 53, ""total_engagement"": 133}",parents,purchasing_decision,find_quality_equipment,"equipment, youth_soccer",positive,"{""subreddit"": ""soccer"", ""post_type"": """"}"
reddit_post_c2ee9f62,reddit,post,https://reddit.com/r/bootroom/comments/19,Training tips for youth players 19,My son just joined a competitive team. What training equipment should we get for home practice?,soccer_parent_19,2026-01-22T04:02:16.368366,2026-01-22T04:02:16.370509,157,"{""upvotes"": 63, ""comments"": 31, ""score"": 63, ""total_engagement"": 157}",parents,skill_development,improve_skills,"training, youth_soccer",positive,"{""subreddit"": ""bootroom"", ""post_type"": """"}"
reddit_post_379cd732,reddit,post,https://reddit.com/r/soccer/comments/20,Discussion about soccer equipment 20,Looking for advice on youth soccer cleats. What brands do you recommend for durability and comfort?,user_20,2026-01-22T04:02:16.368359,2026-01-22T04:02:16.370517,138,"{""upvotes"": 55, ""comments"": 28, ""score"": 55, ""total_engagement"": 138}",parents,purchasing_decision,find_quality_equipment,"equipment, youth_soccer",positive,"{""subreddit"": ""soccer"", ""post_type"": """"}"
reddit_post_81706b24,reddit,post,https://reddit.com/r/bootroom/comments/20,Training tips for youth players 20,My son just joined a competitive team. What training equipment should we get for home practice?,soccer_parent_20,2026-01-22T04:02:16.368366,2026-01-22T04:02:16.370526,162,"{""upvotes"": 65, ""comments"": 32, ""score"": 65, ""total_engagement"": 162}",parents,skill_development,improve_skills,"training, youth_soccer",positive,"{""subreddit"": ""bootroom"", ""post_type"": """"}"
reddit_post_17cd7201,reddit,post,https://reddit.com/r/soccer/comments/21,Discussion about soccer equipment 21,Looking for advice on youth soccer cleats. What brands do you recommend for durability and comfort?,user_21,2026-01-22T04:02:16.368359,2026-01-22T04:02:16.370534,143,"{""upvotes"": 57, ""comments"": 29, ""score"": 57, ""total_engagement"": 143}",parents,purchasing_decision,find_quality_equipment,"equipment, youth_soccer",positive,"{""subreddit"": ""soccer"", ""post_type"": """"}"
reddit_post_8e249f8f,reddit,post,https://reddit.com/r/bootroom/comments/21,Training tips for youth players 21,My son just joined a competitive team. What training equipment should we get for home practice?,soccer_parent_21,2026-01-22T04:02:16.368366,2026-01-22T04:02:16.370541,167,"{""upvotes"": 67, ""comments"": 33, ""score"": 67, ""total_engagement"": 167}",parents,skill_development,improve_skills,"training, youth_soccer",positive,"{""subreddit"": ""bootroom"", ""post_type"": """"}"
reddit_post_93135be7,reddit,post,https://reddit.com/r/soccer/comments/22,Discussion about soccer equipment 22,Looking for advice on youth soccer cleats. What brands do you recommend for durability and comfort?,user_22,2026-01-22T04:02:16.368359,2026-01-22T04:02:16.370549,148,"{""upvotes"": 59, ""comments"": 30, ""score"": 59, ""total_engagement"": 148}",parents,purchasing_decision,find_quality_equipment,"equipment, youth_soccer",positive,"{""subreddit"": ""soccer"", ""post_type"": """"}"
reddit_post_e8d33960,reddit,post,https://reddit.com/r/bootroom/comments/22,Training tips for youth players 22,My son just joined a competitive team. What training equipment should we get for home practice?,soccer_parent_22,2026-01-22T04:02:16.368366,2026-01-22T04:02:16.370556,172,"{""upvotes"": 69, ""comments"": 34, ""score"": 69, ""total_engagement"": 172}",parents,skill_development,improve_skills,"training, youth_soccer",positive,"{""subreddit"": ""bootroom"", ""post_type"": """"}"
reddit_post_8cec358b,reddit,post,https://reddit.com/r/soccer/comments/23,Discussion about soccer equipment 23,Looking for advice on youth soccer cleats. What brands do you recommend for durability and comfort?,user_23,2026-01-22T04:02:16.368359,2026-01-22T04:02:16.370563,153,"{""upvotes"": 61, ""comments"": 31, ""score"": 61, ""total_engagement"": 153}",parents,purchasing_decision,find_quality_equipment,"equipment, youth_soccer",positive,"{""subreddit"": ""soccer"", ""post_type"": """"}"
reddit_post_440ac675,reddit,post,https://reddit.com/r/bootroom/comments/23,Training tips for youth players 23,My son just joined a competitive team. What training equipment should we get for home practice?,soccer_parent_23,2026-01-22T04:02:16.368366,2026-01-22T04:02:16.370570,177,"{""upvotes"": 71, ""comments"": 35, ""score"": 71, ""total_engagement"": 177}",parents,skill_development,improve_skills,"training, youth_soccer",positive,"{""subreddit"": ""bootroom"", ""post_type"": """"}"
reddit_post_8c219efe,reddit,post,https://reddit.com/r/soccer/comments/24,Discussion about soccer equipment 24,Looking for advice on youth soccer cleats. What brands do you recommend for durability and comfort?,user_24,2026-01-22T04:02:16.368359,2026-01-22T04:02:16.370578,158,"{""upvotes"": 63, ""comments"": 32, ""score"": 63, ""total_engagement"": 158}",parents,purchasing_decision,find_quality_equipment,"equipment, youth_soccer",positive,"{""subreddit"": ""soccer"", ""post_type"": """"}"
reddit_post_2cd54834,reddit,post,https://reddit.com/r/bootroom/comments/24,Training tips for youth players 24,My son just joined a competitive team. What training equipment should we get for home practice?,soccer_parent_24,2026-01-22T04:02:16.368366,2026-01-22T04:02:16.370591,182,"{""upvotes"": 73, ""comments"": 36, ""score"": 73, ""total_engagement"": 182}",parents,skill_development,improve_skills,"training, youth_soccer",positive,"{""subreddit"": ""bootroom"", ""post_type"": """"}"
youtube_video_d86421c1,youtube,video,https://youtube.com/watch?v=video_0,Best Soccer Cleats Review 2024,"In this video, we review the top soccer cleats for youth players. Features, comfort, and durability tested.",SoccerReviewer0,2026-01-22T04:02:16.368466,2026-01-22T04:02:16.370600,5295,"{""views"": 5000, ""likes"": 250, ""comments"": 45, ""total_engagement"": 5295}",parents,purchasing_decision,find_quality_equipment,"equipment, youth_soccer, technology",positive,"{""duration"": ""12:34"", ""channel"": """"}"
youtube_video_5b0c4414,youtube,video,https://youtube.com/watch?v=video_1,Best Soccer Cleats Review 2023,"In this video, we review the top soccer cleats for youth players. Features, comfort, and durability tested.",SoccerReviewer1,2026-01-22T04:02:16.368472,2026-01-22T04:02:16.370609,5401,"{""views"": 5100, ""likes"": 255, ""comments"": 46, ""total_engagement"": 5401}",parents,purchasing_decision,find_quality_equipment,"equipment, youth_soccer, technology",positive,"{""duration"": ""12:34"", ""channel"": """"}"
youtube_video_889cf2ed,youtube,video,https://youtube.com/watch?v=video_2,Best Soccer Cleats Review 2022,"In this video, we review the top soccer cleats for youth players. Features, comfort, and durability tested.",SoccerReviewer2,2026-01-22T04:02:16.368479,2026-01-22T04:02:16.370617,5507,"{""views"": 5200, ""likes"": 260, ""comments"": 47, ""total_engagement"": 5507}",parents,purchasing_decision,find_quality_equipment,"equipment, youth_soccer, technology",positive,"{""duration"": ""12:34"", ""channel"": """"}"
youtube_video_ed4e18fa,youtube,video,https://youtube.com/watch?v=video_3,Best Soccer Cleats Review 2021,"In this video, we review the top soccer cleats for youth players. Features, comfort, and durability tested.",SoccerReviewer3,2026-01-22T04:02:16.368483,2026-01-22T04:02:16.370626,5613,"{""views"": 5300, ""likes"": 265, ""comments"": 48, ""total_engagement"": 5613}",parents,purchasing_decision,find_quality_equipment,"equipment, youth_soccer, technology",positive,"{""duration"": ""12:34"", ""channel"": """"}"
youtube_video_507fd8e0,youtube,video,https://youtube.com/watch?v=video_4,Best Soccer Cleats Review 2020,"In this video, we review the top soccer cleats for youth players. Features, comfort, and durability tested.",SoccerReviewer4,2026-01-22T04:02:16.368487,2026-01-22T04:02:16.370635,5719,"{""views"": 5400, ""likes"": 270, ""comments"": 49, ""total_engagement"": 5719}",parents,purchasing_decision,find_quality_equipment,"equipment, youth_soccer, technology",positive,"{""duration"": ""12:34"", ""channel"": """"}"
youtube_video_2ea6d4e5,youtube,video,https://youtube.com/watch?v=video_5,Best Soccer Cleats Review 2019,"In this video, we review the top soccer cleats for youth players. Features, comfort, and durability tested.",SoccerReviewer5,2026-01-22T04:02:16.368491,2026-01-22T04:02:16.370645,5825,"{""views"": 5500, ""likes"": 275, ""comments"": 50, ""total_engagement"": 5825}",parents,purchasing_decision,find_quality_equipment,"equipment, youth_soccer, technology",positive,"{""duration"": ""12:34"", ""channel"": """"}"
youtube_video_062bf65c,youtube,video,https://youtube.com/watch?v=video_6,Best Soccer Cleats Review 2018,"In this video, we review the top soccer cleats for youth players. Features, comfort, and durability tested.",SoccerReviewer6,2026-01-22T04:02:16.368494,2026-01-22T04:02:16.370653,5931,"{""views"": 5600, ""likes"": 280, ""comments"": 51, ""total_engagement"": 5931}",parents,purchasing_decision,find_quality_equipment,"equipment, youth_soccer, technology",positive,"{""duration"": ""12:34"", ""channel"": """"}"
youtube_video_8d7dd586,youtube,video,https://youtube.com/watch?v=video_7,Best Soccer Cleats Review 2017,"In this video, we review the top soccer cleats for youth players. Features, comfort, and durability tested.",SoccerReviewer7,2026-01-22T04:02:16.368501,2026-01-22T04:02:16.370664,6037,"{""views"": 5700, ""likes"": 285, ""comments"": 52, ""total_engagement"": 6037}",parents,purchasing_decision,find_quality_equipment,"equipment, youth_soccer, technology",positive,"{""duration"": ""12:34"", ""channel"": """"}"
youtube_video_e888c043,youtube,video,https://youtube.com/watch?v=video_8,Best Soccer Cleats Review 2016,"In this video, we review the top soccer cleats for youth players. Features, comfort, and durability tested.",SoccerReviewer8,2026-01-22T04:02:16.368502,2026-01-22T04:02:16.370672,6143,"{""views"": 5800, ""likes"": 290, ""comments"": 53, ""total_engagement"": 6143}",parents,purchasing_decision,find_quality_equipment,"equipment, youth_soccer, technology",positive,"{""duration"": ""12:34"", ""channel"": """"}"
youtube_video_c151e924,youtube,video,https://youtube.com/watch?v=video_9,Best Soccer Cleats Review 2015,"In this video, we review the top soccer cleats for youth players. Features, comfort, and durability tested.",SoccerReviewer9,2026-01-22T04:02:16.368504,2026-01-22T04:02:16.370682,6249,"{""views"": 5900, ""likes"": 295, ""comments"": 54, ""total_engagement"": 6249}",parents,purchasing_decision,find_quality_equipment,"equipment, youth_soccer, technology",positive,"{""duration"": ""12:34"", ""channel"": """"}"
youtube_video_683df1e7,youtube,video,https://youtube.com/watch?v=video_10,Best Soccer Cleats Review 2014,"In this video, we review the top soccer cleats for youth players. Features, comfort, and durability tested.",SoccerReviewer10,2026-01-22T04:02:16.368506,2026-01-22T04:02:16.370689,6355,"{""views"": 6000, ""likes"": 300, ""comments"": 55, ""total_engagement"": 6355}",parents,purchasing_decision,find_quality_equipment,"equipment, youth_soccer, technology",positive,"{""duration"": ""12:34"", ""channel"": """"}"
youtube_video_0bd9ba1f,youtube,video,https://youtube.com/watch?v=video_11,Best Soccer Cleats Review 2013,"In this video, we review the top soccer cleats for youth players. Features, comfort, and durability tested.",SoccerReviewer11,2026-01-22T04:02:16.368507,2026-01-22T04:02:16.370697,6461,"{""views"": 6100, ""likes"": 305, ""comments"": 56, ""total_engagement"": 6461}",parents,purchasing_decision,find_quality_equipment,"equipment, youth_soccer, technology",positive,"{""duration"": ""12:34"", ""channel"": """"}"
youtube_video_2aac1993,youtube,video,https://youtube.com/watch?v=video_12,Best Soccer Cleats Review 2012,"In this video, we review the top soccer cleats for youth players. Features, comfort, and durability tested.",SoccerReviewer12,2026-01-22T04:02:16.368509,2026-01-22T04:02:16.370707,6567,"{""views"": 6200, ""likes"": 310, ""comments"": 57, ""total_engagement"": 6567}",parents,purchasing_decision,find_quality_equipment,"equipment, youth_soccer, technology",positive,"{""duration"": ""12:34"", ""channel"": """"}"
youtube_video_64cd6deb,youtube,video,https://youtube.com/watch?v=video_13,Best Soccer Cleats Review 2011,"In this video, we review the top soccer cleats for youth players. Features, comfort, and durability tested.",SoccerReviewer13,2026-01-22T04:02:16.368510,2026-01-22T04:02:16.370716,6673,"{""views"": 6300, ""likes"": 315, ""comments"": 58, ""total_engagement"": 6673}",parents,purchasing_decision,find_quality_equipment,"equipment, youth_soccer, technology",positive,"{""duration"": ""12:34"", ""channel"": """"}"
youtube_video_4e62d26e,youtube,video,https://youtube.com/watch?v=video_14,Best Soccer Cleats Review 2010,"In this video, we review the top soccer cleats for youth players. Features, comfort, and durability tested.",SoccerReviewer14,2026-01-22T04:02:16.368512,2026-01-22T04:02:16.370724,6779,"{""views"": 6400, ""likes"": 320, ""comments"": 59, ""total_engagement"": 6779}",parents,purchasing_decision,find_quality_equipment,"equipment, youth_soccer, technology",positive,"{""duration"": ""12:34"", ""channel"": """"}"
youtube_video_353db7ac,youtube,video,https://youtube.com/watch?v=video_15,Best Soccer Cleats Review 2009,"In this video, we review the top soccer cleats for youth players. Features, comfort, and durability tested.",SoccerReviewer15,2026-01-22T04:02:16.368514,2026-01-22T04:02:16.370731,6885,"{""views"": 6500, ""likes"": 325, ""comments"": 60, ""total_engagement"": 6885}",parents,purchasing_decision,find_quality_equipment,"equipment, youth_soccer, technology",positive,"{""duration"": ""12:34"", ""channel"": """"}"
youtube_video_b788f01e,youtube,video,https://youtube.com/watch?v=video_16,Best Soccer Cleats Review 2008,"In this video, we review the top soccer cleats for youth players. Features, comfort, and durability tested.",SoccerReviewer16,2026-01-22T04:02:16.368515,2026-01-22T04:02:16.370739,6991,"{""views"": 6600, ""likes"": 330, ""comments"": 61, ""total_engagement"": 6991}",parents,purchasing_decision,find_quality_equipment,"equipment, youth_soccer, technology",positive,"{""duration"": ""12:34"", ""channel"": """"}"
youtube_video_9399b8fa,youtube,video,https://youtube.com/watch?v=video_17,Best Soccer Cleats Review 2007,"In this video, we review the top soccer cleats for youth players. Features, comfort, and durability tested.",SoccerReviewer17,2026-01-22T04:02:16.368518,2026-01-22T04:02:16.370746,7097,"{""views"": 6700, ""likes"": 335, ""comments"": 62, ""total_engagement"": 7097}",parents,purchasing_decision,find_quality_equipment,"equipment, youth_soccer, technology",positive,"{""duration"": ""12:34"", ""channel"": """"}"
youtube_video_b02a7f1d,youtube,video,https://youtube.com/watch?v=video_18,Best Soccer Cleats Review 2006,"In this video, we review the top soccer cleats for youth players. Features, comfort, and durability tested.",SoccerReviewer18,2026-01-22T04:02:16.368522,2026-01-22T04:02:16.370753,7203,"{""views"": 6800, ""likes"": 340, ""comments"": 63, ""total_engagement"": 7203}",parents,purchasing_decision,find_quality_equipment,"equipment, youth_soccer, technology",positive,"{""duration"": ""12:34"", ""channel"": """"}"
youtube_video_1ce0a667,youtube,video,https://youtube.com/watch?v=video_19,Best Soccer Cleats Review 2005,"In this video, we review the top soccer cleats for youth players. Features, comfort, and durability tested.",SoccerReviewer19,2026-01-22T04:02:16.368524,2026-01-22T04:02:16.370763,7309,"{""views"": 6900, ""likes"": 345, ""comments"": 64, ""total_engagement"": 7309}",parents,purchasing_decision,find_quality_equipment,"equipment, youth_soccer, technology",positive,"{""duration"": ""12:34"", ""channel"": """"}"
youtube_video_fb0fc68e,youtube,video,https://youtube.com/watch?v=video_20,Best Soccer Cleats Review 2004,"In this video, we review the top soccer cleats for youth players. Features, comfort, and durability tested.",SoccerReviewer20,2026-01-22T04:02:16.368525,2026-01-22T04:02:16.370772,7415,"{""views"": 7000, ""likes"": 350, ""comments"": 65, ""total_engagement"": 7415}",parents,purchasing_decision,find_quality_equipment,"equipment, youth_soccer, technology",positive,"{""duration"": ""12:34"", ""channel"": """"}"
youtube_video_936773bb,youtube,video,https://youtube.com/watch?v=video_21,Best Soccer Cleats Review 2003,"In this video, we review the top soccer cleats for youth players. Features, comfort, and durability tested.",SoccerReviewer21,2026-01-22T04:02:16.368527,2026-01-22T04:02:16.370780,7521,"{""views"": 7100, ""likes"": 355, ""comments"": 66, ""total_engagement"": 7521}",parents,purchasing_decision,find_quality_equipment,"equipment, youth_soccer, technology",positive,"{""duration"": ""12:34"", ""channel"": """"}"
youtube_video_34efa78e,youtube,video,https://youtube.com/watch?v=video_22,Best Soccer Cleats Review 2002,"In this video, we review the top soccer cleats for youth players. Features, comfort, and durability tested.",SoccerReviewer22,2026-01-22T04:02:16.368528,2026-01-22T04:02:16.370789,7627,"{""views"": 7200, ""likes"": 360, ""comments"": 67, ""total_engagement"": 7627}",parents,purchasing_decision,find_quality_equipment,"equipment, youth_soccer, technology",positive,"{""duration"": ""12:34"", ""channel"": """"}"
youtube_video_ccd16c1d,youtube,video,https://youtube.com/watch?v=video_23,Best Soccer Cleats Review 2001,"In this video, we review the top soccer cleats for youth players. Features, comfort, and durability tested.",SoccerReviewer23,2026-01-22T04:02:16.368530,2026-01-22T04:02:16.370813,7733,"{""views"": 7300, ""likes"": 365, ""comments"": 68, ""total_engagement"": 7733}",parents,purchasing_decision,find_quality_equipment,"equipment, youth_soccer, technology",positive,"{""duration"": ""12:34"", ""channel"": """"}"
youtube_video_08ae791c,youtube,video,https://youtube.com/watch?v=video_24,Best Soccer Cleats Review 2000,"In this video, we review the top soccer cleats for youth players. Features, comfort, and durability tested.",SoccerReviewer24,2026-01-22T04:02:16.368531,2026-01-22T04:02:16.370822,7839,"{""views"": 7400, ""likes"": 370, ""comments"": 69, ""total_engagement"": 7839}",parents,purchasing_decision,find_quality_equipment,"equipment, youth_soccer, technology",positive,"{""duration"": ""12:34"", ""channel"": """"}"
youtube_video_0e32a8ca,youtube,video,https://youtube.com/watch?v=video_25,Best Soccer Cleats Review 1999,"In this video, we review the top soccer cleats for youth players. Features, comfort, and durability tested.",SoccerReviewer25,2026-01-22T04:02:16.368533,2026-01-22T04:02:16.370835,7945,"{""views"": 7500, ""likes"": 375, ""comments"": 70, ""total_engagement"": 7945}",parents,purchasing_decision,find_quality_equipment,"equipment, youth_soccer, technology",positive,"{""duration"": ""12:34"", ""channel"": """"}"
youtube_video_e13da008,youtube,video,https://youtube.com/watch?v=video_26,Best Soccer Cleats Review 1998,"In this video, we review the top soccer cleats for youth players. Features, comfort, and durability tested.",SoccerReviewer26,2026-01-22T04:02:16.368534,2026-01-22T04:02:16.370843,8051,"{""views"": 7600, ""likes"": 380, ""comments"": 71, ""total_engagement"": 8051}",parents,purchasing_decision,find_quality_equipment,"equipment, youth_soccer, technology",positive,"{""duration"": ""12:34"", ""channel"": """"}"
youtube_video_9976b375,youtube,video,https://youtube.com/watch?v=video_27,Best Soccer Cleats Review 1997,"In this video, we review the top soccer cleats for youth players. Features, comfort, and durability tested.",SoccerReviewer27,2026-01-22T04:02:16.368539,2026-01-22T04:02:16.370853,8157,"{""views"": 7700, ""likes"": 385, ""comments"": 72, ""total_engagement"": 8157}",parents,purchasing_decision,find_quality_equipment,"equipment, youth_soccer, technology",positive,"{""duration"": ""12:34"", ""channel"": """"}"
youtube_video_75e583d7,youtube,video,https://youtube.com/watch?v=video_28,Best Soccer Cleats Review 1996,"In this video, we review the top soccer cleats for youth players. Features, comfort, and durability tested.",SoccerReviewer28,2026-01-22T04:02:16.368541,2026-01-22T04:02:16.370862,8263,"{""views"": 7800, ""likes"": 390, ""comments"": 73, ""total_engagement"": 8263}",parents,purchasing_decision,find_quality_equipment,"equipment, youth_soccer, technology",positive,"{""duration"": ""12:34"", ""channel"": """"}"
youtube_video_429d3737,youtube,video,https://youtube.com/watch?v=video_29,Best Soccer Cleats Review 1995,"In this video, we review the top soccer cleats for youth players. Features, comfort, and durability tested.",SoccerReviewer29,2026-01-22T04:02:16.368542,2026-01-22T04:02:16.370872,8369,"{""views"": 7900, ""likes"": 395, ""comments"": 74, ""total_engagement"": 8369}",parents,purchasing_decision,find_quality_equipment,"equipment, youth_soccer, technology",positive,"{""duration"": ""12:34"", ""channel"": """"}"
app_store_review_8ca9bcf0,app_store,review,https://apps.apple.com/app/soccer-stars/review_0,Review of Soccer Stars,Great soccer game! Really helps understand tactics and player positioning. My kids love it.,AppUser0,2026-01-22T04:02:16.368560,2026-01-22T04:02:16.370883,14,"{""rating"": 4, ""helpful_count"": 10, ""total_engagement"": 14}",parents,entertainment,understand_tactics,youth_soccer,positive,"{""app_name"": ""Soccer Stars"", ""version"": """"}"
app_store_review_d2f39cb8,app_store,review,https://apps.apple.com/app/fifa-mobile/review_1,Review of FIFA Mobile,Great soccer game! Really helps understand tactics and player positioning. My kids love it.,AppUser1,2026-01-22T04:02:16.368564,2026-01-22T04:02:16.370891,16,"{""rating"": 5, ""helpful_count"": 11, ""total_engagement"": 16}",parents,entertainment,understand_tactics,youth_soccer,positive,"{""app_name"": ""FIFA Mobile"", ""version"": """"}"
app_store_review_5747c180,app_store,review,https://apps.apple.com/app/score!-hero/review_2,Review of Score! Hero,Great soccer game! Really helps understand tactics and player positioning. My kids love it.,AppUser2,2026-01-22T04:02:16.368566,2026-01-22T04:02:16.370899,16,"{""rating"": 4, ""helpful_count"": 12, ""total_engagement"": 16}",parents,entertainment,understand_tactics,youth_soccer,positive,"{""app_name"": ""Score! Hero"", ""version"": """"}"
app_store_review_829a12e2,app_store,review,https://apps.apple.com/app/soccer-stars/review_3,Review of Soccer Stars,Great soccer game! Really helps understand tactics and player positioning. My kids love it.,AppUser3,2026-01-22T04:02:16.368568,2026-01-22T04:02:16.370906,18,"{""rating"": 5, ""helpful_count"": 13, ""total_engagement"": 18}",parents,entertainment,understand_tactics,youth_soccer,positive,"{""app_name"": ""Soccer Stars"", ""version"": """"}"
app_store_review_4bee5b10,app_store,review,https://apps.apple.com/app/fifa-mobile/review_4,Review of FIFA Mobile,Great soccer game! Really helps understand tactics and player positioning. My kids love it.,AppUser4,2026-01-22T04:02:16.368570,2026-01-22T04:02:16.370913,18,"{""rating"": 4, ""helpful_count"": 14, ""total_engagement"": 18}",parents,entertainment,understand_tactics,youth_soccer,positive,"{""app_name"": ""FIFA Mobile"", ""version"": """"}"
app_store_review_12d3dcf1,app_store,review,https://apps.apple.com/app/score!-hero/review_5,Review of Score! Hero,Great soccer game! Really helps understand tactics and player positioning. My kids love it.,AppUser5,2026-01-22T04:02:16.368572,2026-01-22T04:02:16.370920,20,"{""rating"": 5, ""helpful_count"": 15, ""total_engagement"": 20}",parents,entertainment,understand_tactics,youth_soccer,positive,"{""app_name"": ""Score! Hero"", ""version"": """"}"
app_store_review_3baf07ef,app_store,review,https://apps.apple.com/app/soccer-stars/review_6,Review of Soccer Stars,Great soccer game! Really helps understand tactics and player positioning. My kids love it.,AppUser6,2026-01-22T04:02:16.368573,2026-01-22T04:02:16.370930,20,"{""rating"": 4, ""helpful_count"": 16, ""total_engagement"": 20}",parents,entertainment,understand_tactics,youth_soccer,positive,"{""app_name"": ""Soccer Stars"", ""version"": """"}"
app_store_review_1598e95a,app_store,review,https://apps.apple.com/app/fifa-mobile/review_7,Review of FIFA Mobile,Great soccer game! Really helps understand tactics and player positioning. My kids love it.,AppUser7,2026-01-22T04:02:16.368575,2026-01-22T04:02:16.370939,22,"{""rating"": 5, ""helpful_count"": 17, ""total_engagement"": 22}",parents,entertainment,understand_tactics,youth_soccer,positive,"{""app_name"": ""FIFA Mobile"", ""version"": """"}"
app_store_review_196f3666,app_store,review,https://apps.apple.com/app/score!-hero/review_8,Review of Score! Hero,Great soccer game! Really helps understand tactics and player positioning. My kids love it.,AppUser8,2026-01-22T04:02:16.368576,2026-01-22T04:02:16.370946,22,"{""rating"": 4, ""helpful_count"": 18, ""total_engagement"": 22}",parents,entertainment,understand_tactics,youth_soccer,positive,"{""app_name"": ""Score! Hero"", ""version"": """"}"
app_store_review_c32afa3f,app_store,review,https://apps.apple.com/app/soccer-stars/review_9,Review of Soccer Stars,Great soccer game! Really helps understand tactics and player positioning. My kids love it.,AppUser9,2026-01-22T04:02:16.368578,2026-01-22T04:02:16.370957,24,"{""rating"": 5, ""helpful_count"": 19, ""total_engagement"": 24}",parents,entertainment,understand_tactics,youth_soccer,positive,"{""app_name"": ""Soccer Stars"", ""version"": """"}"
app_store_review_d69d7a38,app_store,review,https://apps.apple.com/app/fifa-mobile/review_10,Review of FIFA Mobile,Great soccer game! Really helps understand tactics and player positioning. My kids love it.,AppUser10,2026-01-22T04:02:16.368580,2026-01-22T04:02:16.370965,24,"{""rating"": 4, ""helpful_count"": 20, ""total_engagement"": 24}",parents,entertainment,understand_tactics,youth_soccer,positive,"{""app_name"": ""FIFA Mobile"", ""version"": """"}"
app_store_review_c449e131,app_store,review,https://apps.apple.com/app/score!-hero/review_11,Review of Score! Hero,Great soccer game! Really helps understand tactics and player positioning. My kids love it.,AppUser11,2026-01-22T04:02:16.368581,2026-01-22T04:02:16.370972,26,"{""rating"": 5, ""helpful_count"": 21, ""total_engagement"": 26}",parents,entertainment,understand_tactics,youth_soccer,positive,"{""app_name"": ""Score! Hero"", ""version"": """"}"
app_store_review_7d887691,app_store,review,https://apps.apple.com/app/soccer-stars/review_12,Review of Soccer Stars,Great soccer game! Really helps understand tactics and player positioning. My kids love it.,AppUser12,2026-01-22T04:02:16.368583,2026-01-22T04:02:16.370979,26,"{""rating"": 4, ""helpful_count"": 22, ""total_engagement"": 26}",parents,entertainment,understand_tactics,youth_soccer,positive,"{""app_name"": ""Soccer Stars"", ""version"": """"}"
app_store_review_0f9aa4ee,app_store,review,https://apps.apple.com/app/fifa-mobile/review_13,Review of FIFA Mobile,Great soccer game! Really helps understand tactics and player positioning. My kids love it.,AppUser13,2026-01-22T04:02:16.368585,2026-01-22T04:02:16.370989,28,"{""rating"": 5, ""helpful_count"": 23, ""total_engagement"": 28}",parents,entertainment,understand_tactics,youth_soccer,positive,"{""app_name"": ""FIFA Mobile"", ""version"": """"}"
app_store_review_87316dee,app_store,review,https://apps.apple.com/app/score!-hero/review_14,Review of Score! Hero,Great soccer game! Really helps understand tactics and player positioning. My kids love it.,AppUser14,2026-01-22T04:02:16.368588,2026-01-22T04:02:16.370997,28,"{""rating"": 4, ""helpful_count"": 24, ""total_engagement"": 28}",parents,entertainment,understand_tactics,youth_soccer,positive,"{""app_name"": ""Score! Hero"", ""version"": """"}"
app_store_review_05d3be57,app_store,review,https://apps.apple.com/app/soccer-stars/review_15,Review of Soccer Stars,Great soccer game! Really helps understand tactics and player positioning. My kids love it.,AppUser15,2026-01-22T04:02:16.368590,2026-01-22T04:02:16.371006,30,"{""rating"": 5, ""helpful_count"": 25, ""total_engagement"": 30}",parents,entertainment,understand_tactics,youth_soccer,positive,"{""app_name"": ""Soccer Stars"", ""version"": """"}"
app_store_review_50f7a75c,app_store,review,https://apps.apple.com/app/fifa-mobile/review_16,Review of FIFA Mobile,Great soccer game! Really helps understand tactics and player positioning. My kids love it.,AppUser16,2026-01-22T04:02:16.368593,2026-01-22T04:02:16.371014,30,"{""rating"": 4, ""helpful_count"": 26, ""total_engagement"": 30}",parents,entertainment,understand_tactics,youth_soccer,positive,"{""app_name"": ""FIFA Mobile"", ""version"": """"}"
app_store_review_5b143d48,app_store,review,https://apps.apple.com/app/score!-hero/review_17,Review of Score! Hero,Great soccer game! Really helps understand tactics and player positioning. My kids love it.,AppUser17,2026-01-22T04:02:16.368595,2026-01-22T04:02:16.371021,32,"{""rating"": 5, ""helpful_count"": 27, ""total_engagement"": 32}",parents,entertainment,understand_tactics,youth_soccer,positive,"{""app_name"": ""Score! Hero"", ""version"": """"}"
app_store_review_af082aa0,app_store,review,https://apps.apple.com/app/soccer-stars/review_18,Review of Soccer Stars,Great soccer game! Really helps understand tactics and player positioning. My kids love it.,AppUser18,2026-01-22T04:02:16.368597,2026-01-22T04:02:16.371028,32,"{""rating"": 4, ""helpful_count"": 28, ""total_engagement"": 32}",parents,entertainment,understand_tactics,youth_soccer,positive,"{""app_name"": ""Soccer Stars"", ""version"": """"}"
app_store_review_87fede5e,app_store,review,https://apps.apple.com/app/fifa-mobile/review_19,Review of FIFA Mobile,Great soccer game! Really helps understand tactics and player positioning. My kids love it.,AppUser19,2026-01-22T04:02:16.368600,2026-01-22T04:02:16.371038,34,"{""rating"": 5, ""helpful_count"": 29, ""total_engagement"": 34}",parents,entertainment,understand_tactics,youth_soccer,positive,"{""app_name"": ""FIFA Mobile"", ""version"": """"}"
app_store_review_846cedd3,app_store,review,https://apps.apple.com/app/score!-hero/review_20,Review of Score! Hero,Great soccer game! Really helps understand tactics and player positioning. My kids love it.,AppUser20,2026-01-22T04:02:16.368602,2026-01-22T04:02:16.371045,34,"{""rating"": 4, ""helpful_count"": 30, ""total_engagement"": 34}",parents,entertainment,understand_tactics,youth_soccer,positive,"{""app_name"": ""Score! Hero"", ""version"": """"}"
app_store_review_dfed77a7,app_store,review,https://apps.apple.com/app/soccer-stars/review_21,Review of Soccer Stars,Great soccer game! Really helps understand tactics and player positioning. My kids love it.,AppUser21,2026-01-22T04:02:16.368603,2026-01-22T04:02:16.371052,36,"{""rating"": 5, ""helpful_count"": 31, ""total_engagement"": 36}",parents,entertainment,understand_tactics,youth_soccer,positive,"{""app_name"": ""Soccer Stars"", ""version"": """"}"
app_store_review_0fcea5c0,app_store,review,https://apps.apple.com/app/fifa-mobile/review_22,Review of FIFA Mobile,Great soccer game! Really helps understand tactics and player positioning. My kids love it.,AppUser22,2026-01-22T04:02:16.368605,2026-01-22T04:02:16.371062,36,"{""rating"": 4, ""helpful_count"": 32, ""total_engagement"": 36}",parents,entertainment,understand_tactics,youth_soccer,positive,"{""app_name"": ""FIFA Mobile"", ""version"": """"}"
app_store_review_e3aab99d,app_store,review,https://apps.apple.com/app/score!-hero/review_23,Review of Score! Hero,Great soccer game! Really helps understand tactics and player positioning. My kids love it.,AppUser23,2026-01-22T04:02:16.368607,2026-01-22T04:02:16.371071,38,"{""rating"": 5, ""helpful_count"": 33, ""total_engagement"": 38}",parents,entertainment,understand_tactics,youth_soccer,positive,"{""app_name"": ""Score! Hero"", ""version"": """"}"
app_store_review_a28ed45e,app_store,review,https://apps.apple.com/app/soccer-stars/review_24,Review of Soccer Stars,Great soccer game! Really helps understand tactics and player positioning. My kids love it.,AppUser24,2026-01-22T04:02:16.368610,2026-01-22T04:02:16.371084,38,"{""rating"": 4, ""helpful_count"": 34, ""total_engagement"": 38}",parents,entertainment,understand_tactics,youth_soccer,positive,"{""app_name"": ""Soccer Stars"", ""version"": """"}"
app_store_review_58404a24,app_store,review,https://apps.apple.com/app/fifa-mobile/review_25,Review of FIFA Mobile,Great soccer game! Really helps understand tactics and player positioning. My kids love it.,AppUser25,2026-01-22T04:02:16.368612,2026-01-22T04:02:16.371093,40,"{""rating"": 5, ""helpful_count"": 35, ""total_engagement"": 40}",parents,entertainment,understand_tactics,youth_soccer,positive,"{""app_name"": ""FIFA Mobile"", ""version"": """"}"
app_store_review_04bde463,app_store,review,https://apps.apple.com/app/score!-hero/review_26,Review of Score! Hero,Great soccer game! Really helps understand tactics and player positioning. My kids love it.,AppUser26,2026-01-22T04:02:16.368613,2026-01-22T04:02:16.371101,40,"{""rating"": 4, ""helpful_count"": 36, ""total_engagement"": 40}",parents,entertainment,understand_tactics,youth_soccer,positive,"{""app_name"": ""Score! Hero"", ""version"": """"}"
app_store_review_d49e398e,app_store,review,https://apps.apple.com/app/soccer-stars/review_27,Review of Soccer Stars,Great soccer game! Really helps understand tactics and player positioning. My kids love it.,AppUser27,2026-01-22T04:02:16.368615,2026-01-22T04:02:16.371108,42,"{""rating"": 5, ""helpful_count"": 37, ""total_engagement"": 42}",parents,entertainment,understand_tactics,youth_soccer,positive,"{""app_name"": ""Soccer Stars"", ""version"": """"}"
app_store_review_b9f7f0ce,app_store,review,https://apps.apple.com/app/fifa-mobile/review_28,Review of FIFA Mobile,Great soccer game! Really helps understand tactics and player positioning. My kids love it.,AppUser28,2026-01-22T04:02:16.368616,2026-01-22T04:02:16.371116,42,"{""rating"": 4, ""helpful_count"": 38, ""total_engagement"": 42}",parents,entertainment,understand_tactics,youth_soccer,positive,"{""app_name"": ""FIFA Mobile"", ""version"": """"}"
app_store_review_1d138289,app_store,review,https://apps.apple.com/app/score!-hero/review_29,Review of Score! Hero,Great soccer game! Really helps understand tactics and player positioning. My kids love it.,AppUser29,2026-01-22T04:02:16.368618,2026-01-22T04:02:16.371125,44,"{""rating"": 5, ""helpful_count"": 39, ""total_engagement"": 44}",parents,entertainment,understand_tactics,youth_soccer,positive,"{""app_name"": ""Score! Hero"", ""version"": """"}"
app_store_review_12b112a5,app_store,review,https://apps.apple.com/app/soccer-stars/review_30,Review of Soccer Stars,Great soccer game! Really helps understand tactics and player positioning. My kids love it.,AppUser30,2026-01-22T04:02:16.368620,2026-01-22T04:02:16.371133,44,"{""rating"": 4, ""helpful_count"": 40, ""total_engagement"": 44}",parents,entertainment,understand_tactics,youth_soccer,positive,"{""app_name"": ""Soccer Stars"", ""version"": """"}"
app_store_review_5e230f3e,app_store,review,https://apps.apple.com/app/fifa-mobile/review_31,Review of FIFA Mobile,Great soccer game! Really helps understand tactics and player positioning. My kids love it.,AppUser31,2026-01-22T04:02:16.368621,2026-01-22T04:02:16.371144,46,"{""rating"": 5, ""helpful_count"": 41, ""total_engagement"": 46}",parents,entertainment,understand_tactics,youth_soccer,positive,"{""app_name"": ""FIFA Mobile"", ""version"": """"}"
app_store_review_f89fef07,app_store,review,https://apps.apple.com/app/score!-hero/review_32,Review of Score! Hero,Great soccer game! Really helps understand tactics and player positioning. My kids love it.,AppUser32,2026-01-22T04:02:16.368623,2026-01-22T04:02:16.371151,46,"{""rating"": 4, ""helpful_count"": 42, ""total_engagement"": 46}",parents,entertainment,understand_tactics,youth_soccer,positive,"{""app_name"": ""Score! Hero"", ""version"": """"}"
app_store_review_d973f248,app_store,review,https://apps.apple.com/app/soccer-stars/review_33,Review of Soccer Stars,Great soccer game! Really helps understand tactics and player positioning. My kids love it.,AppUser33,2026-01-22T04:02:16.368624,2026-01-22T04:02:16.371162,48,"{""rating"": 5, ""helpful_count"": 43, ""total_engagement"": 48}",parents,entertainment,understand_tactics,youth_soccer,positive,"{""app_name"": ""Soccer Stars"", ""version"": """"}"
app_store_review_9d9952b1,app_store,review,https://apps.apple.com/app/fifa-mobile/review_34,Review of FIFA Mobile,Great soccer game! Really helps understand tactics and player positioning. My kids love it.,AppUser34,2026-01-22T04:02:16.368626,2026-01-22T04:02:16.371170,48,"{""rating"": 4, ""helpful_count"": 44, ""total_engagement"": 48}",parents,entertainment,understand_tactics,youth_soccer,positive,"{""app_name"": ""FIFA Mobile"", ""version"": """"}"
app_store_review_5a430161,app_store,review,https://apps.apple.com/app/score!-hero/review_35,Review of Score! Hero,Great soccer game! Really helps understand tactics and player positioning. My kids love it.,AppUser35,2026-01-22T04:02:16.368629,2026-01-22T04:02:16.371178,50,"{""rating"": 5, ""helpful_count"": 45, ""total_engagement"": 50}",parents,entertainment,understand_tactics,youth_soccer,positive,"{""app_name"": ""Score! Hero"", ""version"": """"}"
app_store_review_50547c6b,app_store,review,https://apps.apple.com/app/soccer-stars/review_36,Review of Soccer Stars,Great soccer game! Really helps understand tactics and player positioning. My kids love it.,AppUser36,2026-01-22T04:02:16.368631,2026-01-22T04:02:16.371186,50,"{""rating"": 4, ""helpful_count"": 46, ""total_engagement"": 50}",parents,entertainment,understand_tactics,youth_soccer,positive,"{""app_name"": ""Soccer Stars"", ""version"": """"}"
app_store_review_1d173f03,app_store,review,https://apps.apple.com/app/fifa-mobile/review_37,Review of FIFA Mobile,Great soccer game! Really helps understand tactics and player positioning. My kids love it.,AppUser37,2026-01-22T04:02:16.368632,2026-01-22T04:02:16.371194,52,"{""rating"": 5, ""helpful_count"": 47, ""total_engagement"": 52}",parents,entertainment,understand_tactics,youth_soccer,positive,"{""app_name"": ""FIFA Mobile"", ""version"": """"}"
app_store_review_8a207d1b,app_store,review,https://apps.apple.com/app/score!-hero/review_38,Review of Score! Hero,Great soccer game! Really helps understand tactics and player positioning. My kids love it.,AppUser38,2026-01-22T04:02:16.368634,2026-01-22T04:02:16.371205,52,"{""rating"": 4, ""helpful_count"": 48, ""total_engagement"": 52}",parents,entertainment,understand_tactics,youth_soccer,positive,"{""app_name"": ""Score! Hero"", ""version"": """"}"
app_store_review_8631bbe3,app_store,review,https://apps.apple.com/app/soccer-stars/review_39,Review of Soccer Stars,Great soccer game! Really helps understand tactics and player positioning. My kids love it.,AppUser39,2026-01-22T04:02:16.368635,2026-01-22T04:02:16.371215,54,"{""rating"": 5, ""helpful_count"": 49, ""total_engagement"": 54}",parents,entertainment,understand_tactics,youth_soccer,positive,"{""app_name"": ""Soccer Stars"", ""version"": """"}"
app_store_review_0ddc57a9,app_store,review,https://apps.apple.com/app/fifa-mobile/review_40,Review of FIFA Mobile,Great soccer game! Really helps understand tactics and player positioning. My kids love it.,AppUser40,2026-01-22T04:02:16.368638,2026-01-22T04:02:16.371223,54,"{""rating"": 4, ""helpful_count"": 50, ""total_engagement"": 54}",parents,entertainment,understand_tactics,youth_soccer,positive,"{""app_name"": ""FIFA Mobile"", ""version"": """"}"
app_store_review_fe27653e,app_store,review,https://apps.apple.com/app/score!-hero/review_41,Review of Score! Hero,Great soccer game! Really helps understand tactics and player positioning. My kids love it.,AppUser41,2026-01-22T04:02:16.368640,2026-01-22T04:02:16.371233,56,"{""rating"": 5, ""helpful_count"": 51, ""total_engagement"": 56}",parents,entertainment,understand_tactics,youth_soccer,positive,"{""app_name"": ""Score! Hero"", ""version"": """"}"
app_store_review_87a314e3,app_store,review,https://apps.apple.com/app/soccer-stars/review_42,Review of Soccer Stars,Great soccer game! Really helps understand tactics and player positioning. My kids love it.,AppUser42,2026-01-22T04:02:16.368642,2026-01-22T04:02:16.371240,56,"{""rating"": 4, ""helpful_count"": 52, ""total_engagement"": 56}",parents,entertainment,understand_tactics,youth_soccer,positive,"{""app_name"": ""Soccer Stars"", ""version"": """"}"
app_store_review_7e10797b,app_store,review,https://apps.apple.com/app/fifa-mobile/review_43,Review of FIFA Mobile,Great soccer game! Really helps understand tactics and player positioning. My kids love it.,AppUser43,2026-01-22T04:02:16.368643,2026-01-22T04:02:16.371247,58,"{""rating"": 5, ""helpful_count"": 53, ""total_engagement"": 58}",parents,entertainment,understand_tactics,youth_soccer,positive,"{""app_name"": ""FIFA Mobile"", ""version"": """"}"
app_store_review_0770236b,app_store,review,https://apps.apple.com/app/score!-hero/review_44,Review of Score! Hero,Great soccer game! Really helps understand tactics and player positioning. My kids love it.,AppUser44,2026-01-22T04:02:16.368645,2026-01-22T04:02:16.371255,58,"{""rating"": 4, ""helpful_count"": 54, ""total_engagement"": 58}",parents,entertainment,understand_tactics,youth_soccer,positive,"{""app_name"": ""Score! Hero"", ""version"": """"}"
app_store_review_7dbfaeeb,app_store,review,https://apps.apple.com/app/soccer-stars/review_45,Review of Soccer Stars,Great soccer game! Really helps understand tactics and player positioning. My kids love it.,AppUser45,2026-01-22T04:02:16.368646,2026-01-22T04:02:16.371262,60,"{""rating"": 5, ""helpful_count"": 55, ""total_engagement"": 60}",parents,entertainment,understand_tactics,youth_soccer,positive,"{""app_name"": ""Soccer Stars"", ""version"": """"}"
app_store_review_c564b1fc,app_store,review,https://apps.apple.com/app/fifa-mobile/review_46,Review of FIFA Mobile,Great soccer game! Really helps understand tactics and player positioning. My kids love it.,AppUser46,2026-01-22T04:02:16.368648,2026-01-22T04:02:16.371272,60,"{""rating"": 4, ""helpful_count"": 56, ""total_engagement"": 60}",parents,entertainment,understand_tactics,youth_soccer,positive,"{""app_name"": ""FIFA Mobile"", ""version"": """"}"
app_store_review_d6378d39,app_store,review,https://apps.apple.com/app/score!-hero/review_47,Review of Score! Hero,Great soccer game! Really helps understand tactics and player positioning. My kids love it.,AppUser47,2026-01-22T04:02:16.368649,2026-01-22T04:02:16.371279,62,"{""rating"": 5, ""helpful_count"": 57, ""total_engagement"": 62}",parents,entertainment,understand_tactics,youth_soccer,positive,"{""app_name"": ""Score! Hero"", ""version"": """"}"
app_store_review_a553c174,app_store,review,https://apps.apple.com/app/soccer-stars/review_48,Review of Soccer Stars,Great soccer game! Really helps understand tactics and player positioning. My kids love it.,AppUser48,2026-01-22T04:02:16.368651,2026-01-22T04:02:16.371286,62,"{""rating"": 4, ""helpful_count"": 58, ""total_engagement"": 62}",parents,entertainment,understand_tactics,youth_soccer,positive,"{""app_name"": ""Soccer Stars"", ""version"": """"}"
app_store_review_d6b95f88,app_store,review,https://apps.apple.com/app/fifa-mobile/review_49,Review of FIFA Mobile,Great soccer game! Really helps understand tactics and player positioning. My kids love it.,AppUser49,2026-01-22T04:02:16.368653,2026-01-22T04:02:16.371299,64,"{""rating"": 5, ""helpful_count"": 59, ""total_engagement"": 64}",parents,entertainment,understand_tactics,youth_soccer,positive,"{""app_name"": ""FIFA Mobile"", ""version"": """"}"
media_article_253b55f3,media,article,https://soccerwire.com/article/youth-training-0,Youth Soccer Training Guide 0,"Essential equipment for youth soccer training includes quality cleats, shin guards, and practice balls. Coaches recommend...",Sports Writer 0,2026-01-22T04:02:16.368665,2026-01-22T04:02:16.371308,50,"{""shares"": 50, ""views"": 0, ""total_engagement"": 50}",parents,skill_development,find_quality_equipment,"equipment, training, youth_soccer",neutral,"{""website"": ""soccerwire.com"", ""category"": """"}"
media_article_82ed9475,media,article,https://soccerwire.com/article/youth-training-1,Youth Soccer Training Guide 1,"Essential equipment for youth soccer training includes quality cleats, shin guards, and practice balls. Coaches recommend...",Sports Writer 1,2026-01-22T04:02:16.368668,2026-01-22T04:02:16.371316,53,"{""shares"": 53, ""views"": 0, ""total_engagement"": 53}",parents,skill_development,find_quality_equipment,"equipment, training, youth_soccer",neutral,"{""website"": ""soccerwire.com"", ""category"": """"}"
media_article_a5aafcdf,media,article,https://soccerwire.com/article/youth-training-2,Youth Soccer Training Guide 2,"Essential equipment for youth soccer training includes quality cleats, shin guards, and practice balls. Coaches recommend...",Sports Writer 2,2026-01-22T04:02:16.368670,2026-01-22T04:02:16.371324,56,"{""shares"": 56, ""views"": 0, ""total_engagement"": 56}",parents,skill_development,find_quality_equipment,"equipment, training, youth_soccer",neutral,"{""website"": ""soccerwire.com"", ""category"": """"}"
media_article_efe9d1c2,media,article,https://soccerwire.com/article/youth-training-3,Youth Soccer Training Guide 3,"Essential equipment for youth soccer training includes quality cleats, shin guards, and practice balls. Coaches recommend...",Sports Writer 3,2026-01-22T04:02:16.368671,2026-01-22T04:02:16.371331,59,"{""shares"": 59, ""views"": 0, ""total_engagement"": 59}",parents,skill_development,find_quality_equipment,"equipment, training, youth_soccer",neutral,"{""website"": ""soccerwire.com"", ""category"": """"}"
media_article_b4134f94,media,article,https://soccerwire.com/article/youth-training-4,Youth Soccer Training Guide 4,"Essential equipment for youth soccer training includes quality cleats, shin guards, and practice balls. Coaches recommend...",Sports Writer 4,2026-01-22T04:02:16.368673,2026-01-22T04:02:16.371342,62,"{""shares"": 62, ""views"": 0, ""total_engagement"": 62}",parents,skill_development,find_quality_equipment,"equipment, training, youth_soccer",neutral,"{""website"": ""soccerwire.com"", ""category"": """"}"
media_article_d1ab4c2b,media,article,https://soccerwire.com/article/youth-training-5,Youth Soccer Training Guide 5,"Essential equipment for youth soccer training includes quality cleats, shin guards, and practice balls. Coaches recommend...",Sports Writer 5,2026-01-22T04:02:16.368676,2026-01-22T04:02:16.371350,65,"{""shares"": 65, ""views"": 0, ""total_engagement"": 65}",parents,skill_development,find_quality_equipment,"equipment, training, youth_soccer",neutral,"{""website"": ""soccerwire.com"", ""category"": """"}"
media_article_49080504,media,article,https://soccerwire.com/article/youth-training-6,Youth Soccer Training Guide 6,"Essential equipment for youth soccer training includes quality cleats, shin guards, and practice balls. Coaches recommend...",Sports Writer 6,2026-01-22T04:02:16.368678,2026-01-22T04:02:16.371360,68,"{""shares"": 68, ""views"": 0, ""total_engagement"": 68}",parents,skill_development,find_quality_equipment,"equipment, training, youth_soccer",neutral,"{""website"": ""soccerwire.com"", ""category"": """"}"
media_article_fa3a9880,media,article,https://soccerwire.com/article/youth-training-7,Youth Soccer Training Guide 7,"Essential equipment for youth soccer training includes quality cleats, shin guards, and practice balls. Coaches recommend...",Sports Writer 7,2026-01-22T04:02:16.368681,2026-01-22T04:02:16.371367,71,"{""shares"": 71, ""views"": 0, ""total_engagement"": 71}",parents,skill_development,find_quality_equipment,"equipment, training, youth_soccer",neutral,"{""website"": ""soccerwire.com"", ""category"": """"}"
media_article_ab42b241,media,article,https://soccerwire.com/article/youth-training-8,Youth Soccer Training Guide 8,"Essential equipment for youth soccer training includes quality cleats, shin guards, and practice balls. Coaches recommend...",Sports Writer 8,2026-01-22T04:02:16.368682,2026-01-22T04:02:16.371375,74,"{""shares"": 74, ""views"": 0, ""total_engagement"": 74}",parents,skill_development,find_quality_equipment,"equipment, training, youth_soccer",neutral,"{""website"": ""soccerwire.com"", ""category"": """"}"
media_article_cea13304,media,article,https://soccerwire.com/article/youth-training-9,Youth Soccer Training Guide 9,"Essential equipment for youth soccer training includes quality cleats, shin guards, and practice balls. Coaches recommend...",Sports Writer 9,2026-01-22T04:02:16.368684,2026-01-22T04:02:16.371384,77,"{""shares"": 77, ""views"": 0, ""total_engagement"": 77}",parents,skill_development,find_quality_equipment,"equipment, training, youth_soccer",neutral,"{""website"": ""soccerwire.com"", ""category"": """"}"
media_article_9beecc82,media,article,https://soccerwire.com/article/youth-training-10,Youth Soccer Training Guide 10,"Essential equipment for youth soccer training includes quality cleats, shin guards, and practice balls. Coaches recommend...",Sports Writer 10,2026-01-22T04:02:16.368685,2026-01-22T04:02:16.371392,80,"{""shares"": 80, ""views"": 0, ""total_engagement"": 80}",parents,skill_development,find_quality_equipment,"equipment, training, youth_soccer",neutral,"{""website"": ""soccerwire.com"", ""category"": """"}"
media_article_4c78efec,media,article,https://soccerwire.com/article/youth-training-11,Youth Soccer Training Guide 11,"Essential equipment for youth soccer training includes quality cleats, shin guards, and practice balls. Coaches recommend...",Sports Writer 11,2026-01-22T04:02:16.368687,2026-01-22T04:02:16.371399,83,"{""shares"": 83, ""views"": 0, ""total_engagement"": 83}",parents,skill_development,find_quality_equipment,"equipment, training, youth_soccer",neutral,"{""website"": ""soccerwire.com"", ""category"": """"}"
media_article_b755b99a,media,article,https://soccerwire.com/article/youth-training-12,Youth Soccer Training Guide 12,"Essential equipment for youth soccer training includes quality cleats, shin guards, and practice balls. Coaches recommend...",Sports Writer 12,2026-01-22T04:02:16.368688,2026-01-22T04:02:16.371408,86,"{""shares"": 86, ""views"": 0, ""total_engagement"": 86}",parents,skill_development,find_quality_equipment,"equipment, training, youth_soccer",neutral,"{""website"": ""soccerwire.com"", ""category"": """"}"
media_article_19e47755,media,article,https://soccerwire.com/article/youth-training-13,Youth Soccer Training Guide 13,"Essential equipment for youth soccer training includes quality cleats, shin guards, and practice balls. Coaches recommend...",Sports Writer 13,2026-01-22T04:02:16.368690,2026-01-22T04:02:16.371445,89,"{""shares"": 89, ""views"": 0, ""total_engagement"": 89}",parents,skill_development,find_quality_equipment,"equipment, training, youth_soccer",neutral,"{""website"": ""soccerwire.com"", ""category"": """"}"
media_article_10bfa1a8,media,article,https://soccerwire.com/article/youth-training-14,Youth Soccer Training Guide 14,"Essential equipment for youth soccer training includes quality cleats, shin guards, and practice balls. Coaches recommend...",Sports Writer 14,2026-01-22T04:02:16.368691,2026-01-22T04:02:16.371453,92,"{""shares"": 92, ""views"": 0, ""total_engagement"": 92}",parents,skill_development,find_quality_equipment,"equipment, training, youth_soccer",neutral,"{""website"": ""soccerwire.com"", ""category"": """"}"
media_article_0a943452,media,article,https://soccerwire.com/article/youth-training-15,Youth Soccer Training Guide 15,"Essential equipment for youth soccer training includes quality cleats, shin guards, and practice balls. Coaches recommend...",Sports Writer 15,2026-01-22T04:02:16.368693,2026-01-22T04:02:16.371461,95,"{""shares"": 95, ""views"": 0, ""total_engagement"": 95}",parents,skill_development,find_quality_equipment,"equipment, training, youth_soccer",neutral,"{""website"": ""soccerwire.com"", ""category"": """"}"
media_article_e9c72961,media,article,https://soccerwire.com/article/youth-training-16,Youth Soccer Training Guide 16,"Essential equipment for youth soccer training includes quality cleats, shin guards, and practice balls. Coaches recommend...",Sports Writer 16,2026-01-22T04:02:16.368694,2026-01-22T04:02:16.371468,98,"{""shares"": 98, ""views"": 0, ""total_engagement"": 98}",parents,skill_development,find_quality_equipment,"equipment, training, youth_soccer",neutral,"{""website"": ""soccerwire.com"", ""category"": """"}"
media_article_3afc26d5,media,article,https://soccerwire.com/article/youth-training-17,Youth Soccer Training Guide 17,"Essential equipment for youth soccer training includes quality cleats, shin guards, and practice balls. Coaches recommend...",Sports Writer 17,2026-01-22T04:02:16.368697,2026-01-22T04:02:16.371479,101,"{""shares"": 101, ""views"": 0, ""total_engagement"": 101}",parents,skill_development,find_quality_equipment,"equipment, training, youth_soccer",positive,"{""website"": ""soccerwire.com"", ""category"": """"}"
media_article_93d9a837,media,article,https://soccerwire.com/article/youth-training-18,Youth Soccer Training Guide 18,"Essential equipment for youth soccer training includes quality cleats, shin guards, and practice balls. Coaches recommend...",Sports Writer 18,2026-01-22T04:02:16.368700,2026-01-22T04:02:16.371488,104,"{""shares"": 104, ""views"": 0, ""total_engagement"": 104}",parents,skill_development,find_quality_equipment,"equipment, training, youth_soccer",positive,"{""website"": ""soccerwire.com"", ""category"": """"}"
media_article_a337e76a,media,article,https://soccerwire.com/article/youth-training-19,Youth Soccer Training Guide 19,"Essential equipment for youth soccer training includes quality cleats, shin guards, and practice balls. Coaches recommend...",Sports Writer 19,2026-01-22T04:02:16.368702,2026-01-22T04:02:16.371499,107,"{""shares"": 107, ""views"": 0, ""total_engagement"": 107}",parents,skill_development,find_quality_equipment,"equipment, training, youth_soccer",positive,"{""website"": ""soccerwire.com"", ""category"": """"}"
